{
  "project_info": {
    "project_number": "449186551863",
    "firebase_url": "https://product-b668f-default-rtdb.asia-southeast1.firebasedatabase.app",
    "project_id": "product-b668f",
    "storage_bucket": "product-b668f.appspot.com"
  },
  "client": [
    {
      "client_info": {
        "mobilesdk_app_id": "1:449186551863:android:1e6398da908d972c4807b2",
        "android_client_info": {
          "package_name": "com.example.product_management_"
        }
      },
      "oauth_client": [],
      "api_key": [
        {
          "current_key": "AIzaSyAarmyinWChDQYBnqwyfPhQpr1Rj7Vx_og"
        }
      ],
      "services": {
        "appinvite_service": {
          "other_platform_oauth_client": []
        }
      }
    },
    {
      "client_info": {
        "mobilesdk_app_id": "1:449186551863:android:d7760a7da827cb0e4807b2",
        "android_client_info": {
          "package_name": "com.example.product_management_app"
        }
      },
      "oauth_client": [],
      "api_key": [
        {
          "current_key": "AIzaSyAarmyinWChDQYBnqwyfPhQpr1Rj7Vx_og"
        }
      ],
      "services": {
        "appinvite_service": {
          "other_platform_oauth_client": []
        }
      }
    },
    {
      "client_info": {
        "mobilesdk_app_id": "1:449186551863:android:4e0431e6f70930374807b2",
        "android_client_info": {
          "package_name": "com.example.product_manager"
        }
      },
      "oauth_client": [],
      "api_key": [
        {
          "current_key": "AIzaSyAarmyinWChDQYBnqwyfPhQpr1Rj7Vx_og"
        }
      ],
      "services": {
        "appinvite_service": {
          "other_platform_oauth_client": []
        }
      }
    },
    {
      "client_info": {
        "mobilesdk_app_id": "1:449186551863:android:ab7bee8d457a18a44807b2",
        "android_client_info": {
          "package_name": "com.product_management_app"
        }
      },
      "oauth_client": [],
      "api_key": [
        {
          "current_key": "AIzaSyAarmyinWChDQYBnqwyfPhQpr1Rj7Vx_og"
        }
      ],
      "services": {
        "appinvite_service": {
          "other_platform_oauth_client": []
        }
      }
    }
  ],
  "configuration_version": "1"
}